Dates,Sample,Pollster,Sponsor,Net Result,Dem Biased
Oct. 20-Nov. 2,4549,SurveyMonkey,Axios,Biden +6,6
Oct. 20-Nov. 2,4549,SurveyMonkey,Axios,Biden +7,7
Oct. 31-Nov. 1,450,Research Co.,,Biden +7,7
Oct. 29-Nov. 1,383,Change Research,CNBC,Biden +7,7
Oct. 27-Nov. 1,413,Swayable,,Biden +9,9
Oct. 27-Nov. 1,654,Ipsos,Reuters,Biden +10,10
Oct. 27-Nov. 1,654,Ipsos,Reuters,Biden +8,8
Oct. 30-31,1033,Trafalgar Group,,Trump +3,-3
Oct. 30-31,500,InsiderAdvantage,American Greatness,Biden +2,2
Oct. 30-31,686,AtlasIntel,,Biden +2,2
Oct. 29-31,700,Emerson College,,Biden +7,7
Oct. 22-31,1736,Morning Consult,,Biden +7,7
Oct. 29-30,745,Public Policy Polling,Progress Michigan,Biden +10,10
Oct. 25-30,993,Targoz Market Research,PollSmart MR,Biden +14,14
Oct. 23-30,953,CNN/SSRS,,Biden +14,14
Oct. 23-30,907,CNN/SSRS,,Biden +12,12
Oct. 29,817,Mitchell Research & Communications,,Biden +7,7
Oct. 27-29,800,RMG Research,Political IQ,Biden +7,7
Oct. 26-29,1212,Redfield & Wilton Strategies,,Biden +13,13
Oct. 27-28,1000,Wick,,Even,0
Oct. 25-28,1058,Trafalgar Group,,Trump +3,-3
Oct. 25-28,600,EPIC-MRA,"WOOD-TV (Grand Rapids, Mich.)",Biden +7,7
Oct. 21-28,669,Kiaer Research,,Biden +13,13
Oct. 25-27,759,Mitchell Research & Communications,Michigan Information & Research Service,Biden +10,10
Oct. 23-26,856,The New York Times/Siena College,,Biden +8,8
Oct. 23-26,394,Swayable,,Biden +19,19
Oct. 20-26,652,Ipsos,Reuters,Biden +10,10
Oct. 20-26,652,Ipsos,Reuters,Biden +9,9
Oct. 23-25,600,Glengariff Group,"The Detroit News, WDIV-TV (Detroit)",Biden +8,8
Oct. 20-25,789,ABC News/The Washington Post,,Biden +7,7
Oct. 20-25,902,ABC News/The Washington Post,,Biden +5,5
Oct. 24,679,Gravis Marketing,,Biden +13,13
Oct. 21-22,804,Public Policy Polling,American Bridge 21st Century,Biden +7,7
Oct. 13-21,745,YouGov,University of Wisconsin Elections Research Center,Biden +9,9
Oct. 13-21,681,YouGov,University of Wisconsin Elections Research Center,Biden +10,10
Oct. 17-20,1000,Citizen Data,,Biden +8,8
Oct. 17-20,1104,Beacon Research/Shaw & Company Research,Fox News,Biden +11,11
Oct. 17-20,1032,Beacon Research/Shaw & Company Research,Fox News,Biden +12,12
Oct. 14-20,686,Ipsos,Reuters,Biden +8,8
Oct. 14-20,686,Ipsos,Reuters,Biden +7,7
Oct. 11-20,1717,Morning Consult,,Biden +8,8
Oct. 16-19,718,Change Research,CNBC,Biden +7,7
Oct. 15-19,600,EPIC-MRA,"WLNS-TV (Lansing, Mich.)",Biden +9,9
Sept. 22-Oct. 19,6222,SurveyMonkey,Axios,Biden +8,8
Sept. 22-Oct. 19,6222,SurveyMonkey,Axios,Biden +9,9
Oct. 18,900,Mitchell Research & Communications,Michigan Information & Research Service, Biden +10,10
Oct. 15-18,1034,Trafalgar Group,Restoration PAC (super PAC),Trump +2,-2
Oct. 15-18,830,Data for Progress,"Crooked Media, Indivisible",Biden+5,5
Oct. 11-18,2851,Zia Poll,Painter Communications,Trump +4,-4
Oct. 12-15,1289,Harris Poll,The Hill,Biden +11,11
Oct. 11-14,1025,Trafalgar Group,,Trump +1,-1
Oct. 10-13,972,Redfield & Wilton Strategies,,Biden +9,9
Oct. 8-13,800,RMG Research,Political IQ,Biden +6,6
Oct. 7-13,620,Ipsos,Reuters,Biden +7,7
Oct. 7-13,620,Ipsos,Reuters,Biden +8,8
Oct. 8-12,600,EPIC-MRA,Detroit Free Press,Biden +9,9
Oct. 8-11,543,Civiqs,Rust Belt Rising,Biden +9,9
Oct. 6-11,614,The New York Times/Siena College,,Biden +8,8
Oct. 9-10,827,Redfield & Wilton Strategies,,Biden +10,10
Oct. 6-9,1190,YouGov,CBS News,Biden +6,6
Sept. 30 - Oct. 8,1134,Baldwin Wallace University Community Research Institute/Oakland University/Ohio Norther University,,Biden +7,7
Oct. 6-7,716,Emerson College,NewsNation,Biden +11,11
Oct. 4-6,700,Redfield & Wilton Strategies,The Telegraph,Biden +8,8
Oct. 3-6,800,Opinion Insight,American Action Forum,Biden +9,9
Sept. 29- Oct. 6,709,Ipsos,Reuters,Biden +8,8
Oct. 2-4,676,Change Research,CNBC,Biden +8,8
Sept. 30-Oct. 3,600,Glengariff Group,"The Detroit News, WDIV-TV (Detroid)",Biden +9,9
Sept. 30-Oct. 1,746,Public Policy Polling,Progress Michigan,Biden +6,6
